Component,Description,Part,References,Value,Footprint,Quantity Per PCB,Datasheet,Man. Part No.,Manufacturer,Man. Part. No,Man. Part no.,Component Link 1 URL,Component Link 1 Description,category,imported,ciiva ids,release date,vault revision,manufacturer,library id,package,Color,height,wavelength,temperature range high,led orientation,lead free,digikey description,forward current,temperature range low,viewing angle,power dissipation,forward voltage,mouser description,automotive,device class L1,device class L3,device class L2,max junction temp,luminous intensity,peak emmision wavelength,reverse voltage,mouser part number,digikey part number,colour,rohs,Mouser Price/Stock,Mouser Part Number,Manufacturer_Name,Arrow Part Number,Height,Arrow Price/Stock,Manufacturer_Part_Number,Name,capacitance,breakdown voltage,number of channels,interface,standoff height,Field8,Field4,Field7,Field6,Field5,is female,is connector
1,JTAG-SMT3-NC,JTAG-SMT3-NC,A301,JTAG-SMT3-NC,JTAG-SMT3-NC,1,,,,,,,,,,,,,,,,,,,,,,,,,,,,,,,,,,,,,,,,,,,,,,,,,,,,,,,,,,,,
2,Antenna with extra pin for shielding,Antenna_Shield,AE1,Antenna_Shield,Texas_SWRA117D_2.4GHz_Right,1,~,,,,,,,,,,,,,,,,,,,,,,,,,,,,,,,,,,,,,,,,,,,,,,,,,,,,,,,,,,,
3,Single-cell battery,Battery_Cell,BT1001,Battery_Cell,Battery_VL2020_20x3.2mm,1,~,,,,,,,,,,,,,,,,,,,,,,,,,,,,,,,,,,,,,,,,,,,,,,,,,,,,,,,,,,,
4,"Unpolarized capacitor, small symbol",C_Small,C1001,12 pF,C_0603_1608Metric,1,https://www.mouser.dk/datasheet/2/40/C0GNP0-Dielectric-951274.pdf,06036A120JAT2A,AVX,,,,,,,,,,,,,,,,,,,,,,,,,,,,,,,,,,,,,,,,,,,,,,,,,,,,,,,,,
5,Unpolarized capacitor,C,C1501 C1502,22 pF,C_0603_1608Metric,2,~,,,,,,,,,,,,,,,,,,,,,,,,,,,,,,,,,,,,,,,,,,,,,,,,,,,,,,,,,,,
6,"Unpolarized capacitor, small symbol",C_Small,C1003,68 pF,C_0603_1608Metric,1,https://www.we-online.com/katalog/en/datasheet/885012006007.pdf,885012006007,Würth Elektronik,,,,,,,,,,,,,,,,,,,,,,,,,,,,,,,,,,,,,,,,,,,,,,,,,,,,,,,,,
7,"Unpolarized capacitor, small symbol",C_Small,C805 C806,100p,C_0603_1608Metric,2,~,,,,,,,,,,,,,,,,,,,,,,,,,,,,,,,,,,,,,,,,,,,,,,,,,,,,,,,,,,,
8,Unpolarized capacitor,C,C1103 C1119 C1125 C1128 C1131,14.7 nF,C_0603_1608Metric,5,~,,,,,,,,,,,,,,,,,,,,,,,,,,,,,,,,,,,,,,,,,,,,,,,,,,,,,,,,,,,
9,Unpolarized capacitor,C,C1104 C1120 C1126 C1129 C1132,30 nF,C_0603_1608Metric,5,~,,,,,,,,,,,,,,,,,,,,,,,,,,,,,,,,,,,,,,,,,,,,,,,,,,,,,,,,,,,
10,Unpolarized capacitor,C,C1101 C1117 C1123 C1127 C1130,56 nF,C_0603_1608Metric,5,~,,,,,,,,,,,,,,,,,,,,,,,,,,,,,,,,,,,,,,,,,,,,,,,,,,,,,,,,,,,
11,Unpolarized capacitor,C,C1124,82 nF,C_0603_1608Metric,1,~,,,,,,,,,,,,,,,,,,,,,,,,,,,,,,,,,,,,,,,,,,,,,,,,,,,,,,,,,,,
12,Unpolarized capacitor,C,C201 C202 C301 C302 C303 C304 C305 C401 C501 C701 C702 C703 C704 C705 C803 C804 C1002 C1107 C1108 C1110 C1114 C1202 C1204 C1206 C1301 C1302 C1306 C1307 C1308 C1510 C1511 C1617,100 nF,C_0603_1608Metric,32,~,,,,,,,,,,,,,,,,,,,,,,,,,,,,,,,,,,,,,,,,,,,,,,,,,,,,,,,,,,,
13,Unpolarized capacitor,C,C1106,150 nF,C_0603_1608Metric,1,~,,,,,,,,,,,,,,,,,,,,,,,,,,,,,,,,,,,,,,,,,,,,,,,,,,,,,,,,,,,
14,Unpolarized capacitor,C,C1102,280 nF,C_0603_1608Metric,1,~,,,,,,,,,,,,,,,,,,,,,,,,,,,,,,,,,,,,,,,,,,,,,,,,,,,,,,,,,,,
15,Unpolarized capacitor,C,C1105 C1115 C1116 C1118 C1121,330 nF,C_0603_1608Metric,5,~,,,,,,,,,,,,,,,,,,,,,,,,,,,,,,,,,,,,,,,,,,,,,,,,,,,,,,,,,,,
16,Unpolarized capacitor,C,C1611 C1612,470n,C_0603_1608Metric,2,~,,,,,,,,,,,,,,,,,,,,,,,,,,,,,,,,,,,,,,,,,,,,,,,,,,,,,,,,,,,
17,Unpolarized capacitor,C,C1122,500 nF,C_0603_1608Metric,1,~,,,,,,,,,,,,,,,,,,,,,,,,,,,,,,,,,,,,,,,,,,,,,,,,,,,,,,,,,,,
18,Unpolarized capacitor,C,C1605 C1610,680n,C_1210_3225Metric,2,https://www.we-online.com/katalog/en/datasheet/885012209046.pdf,,Würth,885012209046,,,,,,,,,,,,,,,,,,,,,,,,,,,,,,,,,,,,,,,,,,,,,,,,,,,,,,,,
19,Unpolarized capacitor,C,C1203 C1205,1 µF,C_0603_1608Metric,2,~,,,,,,,,,,,,,,,,,,,,,,,,,,,,,,,,,,,,,,,,,,,,,,,,,,,,,,,,,,,
20,Unpolarized capacitor,C,C207,1µF,C_1206_3216Metric,1,https://www.we-online.com/katalog/en/datasheet/885012208093.pdf,885012208093,Würth Elektronik,,,,,,,,,,,,,,,,,,,,,,,,,,,,,,,,,,,,,,,,,,,,,,,,,,,,,,,,,
21,Unpolarized capacitor,C,C706 C707 C1304,2.2 µF,C_0603_1608Metric,3,~,,,,,,,,,,,,,,,,,,,,,,,,,,,,,,,,,,,,,,,,,,,,,,,,,,,,,,,,,,,
22,Unpolarized capacitor,C,C209,4.7 µF,C_1206_3216Metric,1,https://www.we-online.com/katalog/en/datasheet/885012208094.pdf,885012208094,Würth Elektronik,,,,,,,,,,,,,,,,,,,,,,,,,,,,,,,,,,,,,,,,,,,,,,,,,,,,,,,,,
23,Unpolarized capacitor,C,C502 C1109 C1111 C1112 C1113,10 µF,C_0603_1608Metric,5,~,,,,,,,,,,,,,,,,,,,,,,,,,,,,,,,,,,,,,,,,,,,,,,,,,,,,,,,,,,,
24,Unpolarized capacitor,C,C1613 C1614 C1615 C1616,10u,C_1210_3225Metric,4,https://www.we-online.com/katalog/en/datasheet/885012209014.pdf,,Würth,885012209014 885012209005,,,,,,,,,,,,,,,,,,,,,,,,,,,,,,,,,,,,,,,,,,,,,,,,,,,,,,,,
25,Unpolarized capacitor,C,C1303 C1305 C1602 C1603 C1607 C1608,22 µF,C_1206_3216Metric,6,~,,Würth,885012108018,,,,,,,,,,,,,,,,,,,,,,,,,,,,,,,,,,,,,,,,,,,,,,,,,,,,,,,,
26,Unpolarized capacitor,C,C1309,22 µF,C_0603_1608Metric,1,~,,,,,,,,,,,,,,,,,,,,,,,,,,,,,,,,,,,,,,,,,,,,,,,,,,,,,,,,,,,
27,Unpolarized capacitor,C,C402,22 µF,C_0805_2012Metric,1,~,,,,,,,,,,,,,,,,,,,,,,,,,,,,,,,,,,,,,,,,,,,,,,,,,,,,,,,,,,,
28,Polarized capacitor,CP,C1604 C1609,39u,CP_Elec_8x11.9,2,https://www.we-online.com/katalog/en/datasheet/875075855005.pdf,,Würth,,875075855005,,,,,,,,,,,,,,,,,,,,,,,,,,,,,,,,,,,,,,,,,,,,,,,,,,,,,,,
29,Polarized capacitor,CP,C208,47 µF,CP_Elec_Wurth_WCAP-PSLP_6.6x6.6mm,1,https://www.we-online.com/katalog/en/datasheet/865080645012.pdf,865080645012,Würth Elektronik,,,,,,,,,,,,,,,,,,,,,,,,,,,,,,,,,,,,,,,,,,,,,,,,,,,,,,,,,
30,"Polarized capacitor, small symbol",CP_Small,C1004,68 uF,C_2312_6032-28_Metric,1,https://www.mouser.dk/datasheet/2/40/noj-776783.pdf,NOJC686M010SWJ,AVX,,,,,,,,,,,,,,,,,,,,,,,,,,,,,,,,,,,,,,,,,,,,,,,,,,,,,,,,,
31,Polarized capacitor,CP,C210,100 μF,CP_Elec_Wurth_WCAP-ASLL_8.3x8.3mm,1,https://www.we-online.com/katalog/en/datasheet/865060653010.pdf,865060653010,Würth Elektronik,,,,,,,,,,,,,,,,,,,,,,,,,,,,,,,,,,,,,,,,,,,,,,,,,,,,,,,,,
32,Polarized capacitor,CP,C1601 C1606,220u,CP_Elec_8x11.9,2,https://www.we-online.com/katalog/en/datasheet/875115350002.pdf,,Würth,,875115350002,,,,,,,,,,,,,,,,,,,,,,,,,,,,,,,,,,,,,,,,,,,,,,,,,,,,,,,
33,Unpolarized capacitor,C,C211 C1519,"1 nF, 2000 V",C_1206_3216Metric,2,~,,,,,,,,,,,,,,,,,,,,,,,,,,,,,,,,,,,,,,,,,,,,,,,,,,,,,,,,,,,
34,Unpolarized capacitor,C,C204,"22 nF, 100 V",C_0603_1608Metric,1,~,,,,,,,,,,,,,,,,,,,,,,,,,,,,,,,,,,,,,,,,,,,,,,,,,,,,,,,,,,,
35,Unpolarized capacitor,C,C203,"4 x 22 nF, 100 V",C_0603_1608Metric,1,~,,,,,,,,,,,,,,,,,,,,,,,,,,,,,,,,,,,,,,,,,,,,,,,,,,,,,,,,,,,
36,Unpolarized capacitor,C,C205 C206,C,C_0603_1608Metric,2,~,,,,,,,,,,,,,,,,,,,,,,,,,,,,,,,,,,,,,,,,,,,,,,,,,,,,,,,,,,,
37,"Unpolarized capacitor, small symbol",C_Small,C801 C802,C_term,C_0603_1608Metric,2,~,,,,,,,,,,,,,,,,,,,,,,,,,,,,,,,,,,,,,,,,,,,,,,,,,,,,,,,,,,,
38,150060BS75000,150060BS75000,D1703 LED901 LED902 LED903 LED904 LED905 LED906 LED907 LED908 LED909 LED910 LED911,150060BS75000,Wurth_150060BS75000,12,https://www.mouser.dk/datasheet/2/445/150060BS75000-1714099.pdf,,,,,http://www.we-online.com,Manufacturer URL,UNK,yes,12518860,1421305860,5144AC10-0A10-433C-B4D0-D5D668B210EE,Wuerth Elektronik,c86f0b01d77e687a,0603_A,Blue,,,,,,,,,,,,,,,,,,,,,,,,,,,,,,,,,,,,,,,,,,,,
39,150060SS75000,150060SS75000,D501 D1302 D1303 D1304 D1701 D1704,150060SS75000,Wurth_150060SS75000,6,http://katalog.we-online.com/led/datasheet/150060SS75000.pdf,,,,,http://www.we-online.com,Manufacturer URL,UNK,yes,12518860,1421305860,5144AC10-0A10-433C-B4D0-D5D668B210EE,Wuerth Elektronik,c86f0b01d77e687a,0603_A,Red,,,,,,,,,,,,,,,,,,,,,,,,,,,,,,,,,,,,,,,,,,,,
40,150060VS75000,150060VS75000,D202 D1502 D1702 D1705,150060VS75000,Wurth_150060VS75000,4,https://www.we-online.com/catalog/datasheet/150060VS75000.pdf,,,,,,,Diode,,,,,Wurth,31412359902cf5d2,0603,,0.8mm,570nm,+85°C,Top View,Yes,LED GREEN CLEAR 0603 SMD,20mA,-40°C,140°,72mW,2V,"LED, Green, 570 nm, 2 V, 30 mA, 40 mcd",No,Optoelectronics,unset,LEDs,+95°C,40mcd,572nm,5V,710-150060VS75000,732-4980-1-ND,Green,Yes,,,,,,,,,,,,,,,,,,,,
41,150060YS75000,150060YS75000,D201 D1501 LED1701,150060YS75000,Wurth_150060YS75000,3,http://katalog.we-online.com/led/datasheet/150060SS75000.pdf,,,,,http://www.we-online.com,Manufacturer URL,UNK,yes,12518860,1421305860,5144AC10-0A10-433C-B4D0-D5D668B210EE,Wuerth Elektronik,c86f0b01d77e687a,0603_A,Yellow,,,,,,,,,,,,,,,,,,,,,,,,,,,,,,,,,,,,,,,,,,,,
42,,ESD5Z12T1G,D1101 D1102 D1103 D1104 D1105,17 V Clamp,SODFL1608X70N,5,http://www.onsemi.com/pub/Collateral/ESD5Z2.5T1-D.PDF,,,,,,,,,,,,,,,,,,,,,,,,,,,,,,,,,,,,,,,,https://www.mouser.co.uk/ProductDetail/ON-Semiconductor/ESD5Z12T1G?qs=2OtswVQKCOGXcPEz0%252Bii5A%3D%3D,863-ESD5Z12T1G,ON Semiconductor,ESD5Z12T1G,0.7,https://www.arrow.com/en/products/esd5z12t1g/on-semiconductor,ESD5Z12T1G,,,,,,,,,,,,,
43,,ESD5Z3.3T1G,D701 D702,3.3 V Working,SODFL1608X70N,2,https://www.mouser.dk/datasheet/2/308/ESD5Z2_5T1_D-1522641.pdf,,,,,,,,,,,,,,,,,,,,,,,,,,,,,,,,,,,,,,,,https://www.mouser.co.uk/ProductDetail/ON-Semiconductor/ESD5Z12T1G?qs=2OtswVQKCOGXcPEz0%252Bii5A%3D%3D,863-ESD5Z3.3T1G,ON Semiconductor,ESD5Z3.3T1G,0.7,https://www.arrow.com/en/products/esd5z12t1g/on-semiconductor,ESD5Z3.3T1G,,,,,,,,,,,,,
44,"250V, 0.4A, High-speed Switching Diode, SOT-23",BAS21,D203 D1201 D1202 D1203 D1301,BAS21T-7-F,SOT-23,5,https://www.diodes.com/assets/Datasheets/Ds12004.pdf,,,,,,,,,,,,,,,,,,,,,,,,,,,,,,,,,,,,,,,,,,,,,,,,,,,,,,,,,,,
45,"Schottky diode, filled shape",D_Schottky_ALT,D1001,D_Schottky_ALT,D_SOD-323F,1,~,,,,,,,,,,,,,,,,,,,,,,,,,,,,,,,,,,,,,,,,,,,,,,,,,,,,,,,,,,,
46,"Schottky Barrier Diode, 1A, 20V",MBRM120,D1602,MBRM120,D_Powermite_AK,1,https://www.mouser.dk/datasheet/2/308/MBRM120L-D-1810779.pdf,MBRM120,ON Semiconductor,,,,,,,,,,,,,,,,,,,,,,,,,,,,,,,,,,,,,,,,,,,,,,,,,,,,,,,,,
47,"Unidirectional ESD protection, TVS Diode",SMA4F31AY,D1601,SMA4F31AY,D_SMA_Small-Pads,1,https://www.mouser.dk/datasheet/2/389/dm00488081-1799419.pdf,SMA4F31AY,Vishay,,,,,,,,,,,,,,,,,,,,,,,,,,,,,,,,,,,,,,,,,,,,,,,,,,,,,,,,,
48,"Bidirectional, symmetrical TVS Diode. Working voltage +-16V, Capacitance<17pF",VCAN16A2,D801 D802,VCAN16A2,SOT-323_SC-70,2,https://www.mouser.dk/datasheet/2/427/vcan16a2-03g-1713959.pdf,,,,,,,,,,,,,,,,,,,,,,,,,,,,,,,,,,,,,,,,,,,,,,,,,,,,,,,,,,,
49,"Fuse, small symbol",Fuse_Small,F1201,10A,LittelfuseMiniBlade01530008Z,1,https://www.mouser.dk/datasheet/2/240/Littelfuse_MINI_Datasheet-1077557.pdf,0297010.WXNV,Littelfuse,,,,,,,,,,,,,,,,,,,,,,,,,,,,,,,,,,,,,,,,,,,,,,,,,,,,,,,,,
50,"Fuse, small symbol",Fuse_Small,F601 F602 F603,10A,Littlefuse_Nano_Clip,3,https://m.littelfuse.com/~/media/electronics/datasheets/fuses/littelfuse_fuse_157_datasheet.pdf.pdf,0157010.DR,Littelfuse,,,,,,,,,,,,,,,,,,,,,,,,,,,,,,,,,,,,,,,,,,,,,,,,,,,,,,,,,
51,"Fuse, small symbol",Fuse_Small,F1202,15A,LittelfuseMiniBlade01530008Z,1,https://www.mouser.dk/datasheet/2/240/Littelfuse_MINI_Datasheet-1077557.pdf,0297015.WXNV,Littelfuse,,,,,,,,,,,,,,,,,,,,,,,,,,,,,,,,,,,,,,,,,,,,,,,,,,,,,,,,,
52,"Fuse, small symbol",Fuse_Small,F201 F1606,1A,Littlefuse_Nano_Clip,2,https://m.littelfuse.com/~/media/electronics/datasheets/fuses/littelfuse_fuse_157_datasheet.pdf.pdf,0157001.DR,Littelfuse,,,,,,,,,,,,,,,,,,,,,,,,,,,,,,,,,,,,,,,,,,,,,,,,,,,,,,,,,
53,"Fuse, small symbol",Fuse_Small,F1203,2A,Littlefuse_Nano_Clip,1,https://m.littelfuse.com/~/media/electronics/datasheets/fuses/littelfuse_fuse_157_datasheet.pdf.pdf,0157001.DR,Littelfuse,,,,,,,,,,,,,,,,,,,,,,,,,,,,,,,,,,,,,,,,,,,,,,,,,,,,,,,,,
54,"Fuse, small symbol",Fuse_Small,F901,2A,LittelfuseMiniBlade01530008Z,1,https://www.mouser.dk/datasheet/2/240/Littelfuse_MINI_Datasheet-1077557.pdf,0297002.WXNV,Littelfuse,,,,,,,,,,,,,,,,,,,,,,,,,,,,,,,,,,,,,,,,,,,,,,,,,,,,,,,,,
55,"Fuse, small symbol",Fuse_Small,F1301 F1302 F1604,375 mA,Littlefuse_Nano_Clip,3,https://m.littelfuse.com/~/media/electronics/datasheets/fuses/littelfuse_fuse_157_datasheet.pdf.pdf,0157.375DR,Littelfuse,,,,,,,,,,,,,,,,,,,,,,,,,,,,,,,,,,,,,,,,,,,,,,,,,,,,,,,,,
56,"Fuse, small symbol",Fuse_Small,F1601 F1602,5A,Littlefuse_Nano_Clip,2,https://m.littelfuse.com/~/media/electronics/datasheets/fuses/littelfuse_fuse_157_datasheet.pdf.pdf,0157005.DR,Littelfuse,,,,,,,,,,,,,,,,,,,,,,,,,,,,,,,,,,,,,,,,,,,,,,,,,,,,,,,,,
57,"Fuse, small symbol",Fuse_Small,F1603,7A,Littlefuse_Nano_Clip,1,https://m.littelfuse.com/~/media/electronics/datasheets/fuses/littelfuse_fuse_157_datasheet.pdf.pdf,0157007.DR,Littelfuse,,,,,,,,,,,,,,,,,,,,,,,,,,,,,,,,,,,,,,,,,,,,,,,,,,,,,,,,,
58,"Ferrite bead, small symbol",Ferrite_Bead_Small,FB201 FB1603,100R @ 100 MHz,L_0805_2012Metric,2,https://www.mouser.dk/ProductDetail/TDK/MPZ2012S101AT000?qs=sGAEpiMZZMt1hubY80%2Fs8Hp09N5ImNkmxVgtQbJATBs%3D,,,,,,,,,,,,,,,,,,,,,,,,,,,,,,,,,,,,,,,,,,,,,,,MPZ2012S101AT000,,,,,,,,,,,,
59,"Ferrite bead, small symbol",Ferrite_Bead_Small,FB302 FB401 FB501 FB801 FB802 FB1301,220R @ 100 MHz,L_0603_1608Metric,6,https://www.mouser.dk/ProductDetail/TDK/MPZ1608S221ATA00?qs=sGAEpiMZZMt1hubY80%2Fs8Hp09N5ImNkmPGZEpzSBQSs%3D,,,,,,,,,,,,,,,,,,,,,,,,,,,,,,,,,,,,,,,,,,,,,,,MPZ1608S221ATA00,,,,,,,,,,,,
60,"Ferrite bead, small symbol",Ferrite_Bead_Small,FB1601 FB1602,56R @ 100 MHz,Wurth_78279223560,2,https://www.we-online.com/katalog/en/datasheet/78279223560.pdf,,,,,,,,,,,,,,,,,,,,,,,,,,,,,,,,,,,,,,,,,,,,,,,78279223560,,,,,,,,,,,,
61,"Ferrite bead, small symbol",Ferrite_Bead_Small,FB301,600R @ 100 MHz,L_0603_1608Metric,1,https://www.mouser.dk/ProductDetail/TDK/MPZ1608S601ATA00?qs=sGAEpiMZZMt1hubY80%2Fs8JOUU6c4Og6A9cGlejxXxN0%3D,,,,,,,,,,,,,,,,,,,,,,,,,,,,,,,,,,,,,,,,,,,,,,,MPZ1608S601ATA00,,,,,,,,,,,,
62,EMIF06-MSD02N16,EMIF06-MSD02N16,FL401,EMIF06-MSD02N16,uQFN-16L,1,https://upverter.com/datasheet/dd14abe25c102cc7fdccadb49a97a5967f087691.pdf,,,,,,,Filter,,,,,STMicroelectronics,a836ff8c15a6a3d2,uQFN16,,0.55mm,,+85°C,,Yes,FILTER RC(PI) 45 OHM/20PF SMD,,-30°C,,,,EMI Network Filter Arrays 6-line Micro QFN Lvl 4 20pF 50MHz,No,Circuit Protection,unset,ESD and Circuit Protection ICs,+125°C,,,,511-EMIF06-MSD02N16,497-8751-1-ND,,Yes,,,,,,,,,20pF,5V,6,Other,0mm,,,,,,,
63,"Low Voltage Common Mode Choke, 7 A, 80 V, 4.7mOhm @20C DC, 0.056 mH",Wuerth_744290560,FL1601,Wuerth_744290560,WE-UCF_1712_16.6x12.5mm,1,https://www.we-online.com/katalog/en/datasheet/744290560.pdf,744290560,Würth Elektronik,,,,,,,,,,,,,,,,,,,,,,,,,,,,,,,,,,,,,,,,,,,,,,,,,,,,,,,,,
64,Single Power Supply Quadruple Buffer GATE w/ 3-State Output CMOS Logic Level Shifter,SN74LV4T125PWR,IC1202 IC1203,SN74LV4T125PWR,SN74LV4T125PWR,2,http://www.ti.com/lit/ds/symlink/sn74lv4t125.pdf,,,,,,,,,,,,,,,,,,,,,,,,,,,,,,,,,,,,,,,,https://www.mouser.co.uk/ProductDetail/Texas-Instruments/SN74LV4T125PWR?qs=%2Fd%252BFzHvH4c3%252BiZGZ%252Bu8B9g%3D%3D,595-SN74LV4T125PWR,Texas Instruments,SN74LV4T125PWR,1.2,https://www.arrow.com/en/products/sn74lv4t125pwr/texas-instruments,SN74LV4T125PWR,,,,,,,,,,,,,
65,Current Sense Amplifiers CONDITIONING & INTERFACES,TSC2012IDT,IC1301 IC1302 IC1601,TSC2012IDT,TSC2012IDT,3,https://www.mouser.com/datasheet/2/389/dm00630955-1799526.pdf,,,,,,,,,,,,,,,,,,,,,,,,,,,,,,,,,,,,,,,,https://www.mouser.co.uk/ProductDetail/STMicroelectronics/TSC2012IDT?qs=%252B6g0mu59x7KSqOHhuXDI4w%3D%3D,511-TSC2012IDT,STMicroelectronics,TSC2012IDT,1.75,https://www.arrow.com/en/products/tsc2012idt/stmicroelectronics,TSC2012IDT,,,,,,,,,,,,,
66,,Amphenol_10118194-0001LF,J302,10118194-0001LF,Amphenol_10118194-0001LF,1,None,,,,,,,,,,,,,,,,,,,,,,,,,,,,,,,,,,,,,,,,,,,,,,,,,,,,,Unavailable,Amphenol ICC,"Micro Usb, 2.0 Type b, Rcpt, Smt",10118194-0001LF,None,,
67,,87832-1420,J303,87832-1420,MOLEX_87832-1420,1,MOLEX,,,,,,,,,,,,,,,,,,,,,,,,,,,,,,,,,,,,,,,,,,,,,,,,,,,,,,,,,,,
68,"Generic connector, single row, 01x03, script generated (kicad-library-utils/schlib/autogen/connector/)",Conn_01x03,J1101 J1102 J1103 J1104 J1105 J1106 J1107 J1108 J1109 J1110,Conn_01x03,PinHeader_1x03_P1.27mm_Vertical,10,~,,,,,,,,,,,,,,,,,,,,,,,,,,,,,,,,,,,,,,,,,,,,,,,,,,,,,,,,,,,
69,"coaxial connector (BNC, SMA, SMB, SMC, Cinch/RCA, ...)",Conn_Coaxial,J501 J502,Conn_Coaxial,U.FL_Hirose_U.FL-R-SMT-1_Vertical,2,https://www.hirose.com/product/en/download_file/key_name/U.FL/category/Catalog/doc_file_id/31697/?file_category_id=4&item_id=15&is_series=1,,,,,,,,,,,,,,,,,,,,,,,,,,,,,,,,,,,,,,,,,,,,,,,,,,,,,,,,,,,
70,47219-2001,Molex47219-2001,J401,Molex 47219-2001,Molex-47219-2001-0,1,http://www.molex.com/pdm_docs/sd/472192001_sd.pdf,,,,,,,Conn,,,,,Molex,cf639670a30b6b80,SMT_SDCARD_14MM5_13MM6,,,,+85°C,,yes,CONN MICRO SD CARD HINGED TYPE,,-20°C,,,,,,,,,,,,,538-47219-2001,WM6698CT-ND,,yes,,,,,,,,,,,,,,,,,,,yes,yes
71,Molex CMC 112pin (32+48+32),MolexCMC_643330100,J601,MolexCMC_643330100,Molex_CMC_643330100_32+48+32pin,1,https://www.molex.com/molex/products/datasheet.jsp;jsessionid=1zTEUM-rhXL3iVCZ02GIuzBxWo32a1tNvQ98evBT.molex1?part=active/0643330100_PCB_HEADERS.xml,,,,,,,,,,,,,,,,,,,,,,,,,,,,,,,,,,,,,,,,,,,,,,,,,,,,,,,,,,,
72,Molex SLIMSTACK Series 0.64mm 20 Way 2 Row Straight PCB Socket Surface Mount Board to Board,Molex_52885-0274,J1401,Molex_52885-0274,Molex_528850274,1,https://www.molex.com/webdocs/datasheets/pdf/en-us/0528850274_PCB_RECEPTACLES.pdf,,,,,,,,,,,,,,,,,,,,,,,,,,,,,,,,,,,,,,,,https://www.mouser.co.uk/ProductDetail/Molex/52885-0274?qs=%252BPJ3Ll1xQNYiQig4hWY5jQ%3D%3D,538-52885-0274,Molex,,4,,52885-0274,,,,,,,,,,,,,
73,Molex SLIMSTACK Series 0.635mm 40 Way 2 Row Straight PCB Socket Surface Mount Board to Board,Molex_52885-0474,J1402,Molex_52885-0474,Molex_528850474,1,http://www.mouser.com/datasheet/2/276/0528850474_PCB_RECEPTACLES-170826.pdf,,,,,,,,,,,,,,,,,,,,,,,,,,,,,,,,,,,,,,,,https://www.mouser.co.uk/ProductDetail/Molex/52885-0474?qs=XMKc5qFqEO1F75enjbOFmQ%3D%3D,538-52885-0474,Molex,52885-0474,4.4,,52885-0474,,,,,,,,,,,,,
74,Connector 1432457,Phoenix_1432457_M12_4pin_D_Female_Angled,J1501,Phoenix_1432457,Phoenix_1432457_M12_4pin_D_Female_Angled,1,https://www.phoenixcontact.com/pxc-oc-itemdetail-pdf-web/eshop?lineItemType=LineItem&UID=1432457,,,,,,,,,,,,,,,,,,,,,,,,,,,,,,,,,,,,,,,,https://www.mouser.com/Search/Refine.aspx?Keyword=651-1432457,651-1432457,Phoenix Contact,1432457,15.9,https://www.arrow.com/en/products/1432457/phoenix-contact,1432457,,,,,,,,,,,,,
75,Circular Metric Connectors SACC-CI-M12FS-8CON- L90 SH SCO,Phoenix_1437009_M12_8pin_A_Female_Angled,J201,Phoenix_1437009,Phoenix_1437009_M12_8pin_A_Female_Angled,1,http://www.phoenixcontact.com/us/products/1437009/pdf,,,,,,,,,,,,,,,,,,,,,,,,,,,,,,,,,,,,,,,,https://www.mouser.co.uk/ProductDetail/Phoenix-Contact/1437009?qs=MfVUZiz0Pxb27kS8b3m0cw%3D%3D,651-1437009,Phoenix Contact,1437009,15.9,,1437009,,,,,,,,,,,,,
76,"Generic connector, single row, 01x05, script generated (kicad-library-utils/schlib/autogen/connector/)",Conn_01x05,J301,WR-WTB_1x05,Wurth_WR-WTB_61900519521_1x05_P2.54mm_Vertical,1,https://katalog.we-online.de/em/datasheet/6190xx19521.pdf,,,,,,,,,,,,,,,,,,,,,,,,,,,,,,,,,,,,,,,,,,,,,,,,,,,,,,,,,,,
77,"Jumper, normally closed, small symbol",Jumper_NC_Small,JP1601,Jumper,R_0805_2012Metric,1,~,,,,,,,,,,,,,,,,,,,,,,,,,,,,,,,,,,,,,,,,,,,,,,,,,,,,,,,,,,,
78,"IXYS SEMICONDUCTOR - CPC1017NTR - IC,Normally-Open PC-Mount Solid-State Relay,1-CHANNEL,SO 09J1947",CPC1017NTR,K1301 K1302,CPC1017NTR,CPC1017N,2,http://www.ixysic.com/home/pdfs.nsf/www/CPC1017N.pdf/$file/CPC1017N.pdf,,,,,,,,,,,,,,,,,,,,,,,,,,,,,,,,,,,,,,,,https://www.mouser.co.uk/ProductDetail/IXYS-Integrated-Circuits/CPC1017NTR?qs=h2iAtNzNjMRlYN6IF%252Bl9JA%3D%3D,849-CPC1017NTR,IXYS SEMICONDUCTOR,CPC1017NTR,2.159,https://www.arrow.com/en/products/cpc1017ntr/ixys,CPC1017NTR,,,,,,,,,,,,,
79,Inductor,L,L1601,4.7u,Wurth_LQS_4018,1,https://www.we-online.com/katalog/en/datasheet/74404042047.pdf,74404042047,Würth,,,,,,,,,,,,,,,,,,,,,,,,,,,,,,,,,,,,,,,,,,,,,,,,,,,,,,,,,
80,,PDQE15-Q24-S24-D,PS201,PDQE15-Q24-S24-D,CUI_PDQE15-Q24-S24-D,1,Manufacturer Recommendations,,,,,,,,,,,,,,,,,,,,,,,,,,,,,,,,,,,,,,,,,,,,,,,,,,,,,,CUI Inc.,,1.0,11.70mm,,
81,"0.2A Ic, 40V Vce, Small Signal NPN Transistor, SOT-23",MMBT3904,Q1701 Q1702 Q1703 Q1705 Q1706,MMBT3904,SOT-23,5,https://www.onsemi.com/pub/Collateral/2N3903-D.PDF,,,,,,,,,,,,,,,,,,,,,,,,,,,,,,,,,,,,,,,,,,,,,,,,,,,,,,,,,,,
82,"N-MOSFET transistor, gate/source/drain",Q_NMOS_GSD,Q1704,RUC002N05HZGT116 ,SOT-23,1,https://www.mouser.dk/ProductDetail/ROHM-Semiconductor/RUC002N05HZGT116?qs=4v%252BiZTmLVHE0lwSK%2FDyNsA%3D%3D,,,,,,,,,,,,,,,,,,,,,,,,,,,,,,,,,,,,,,,,,,,,,,,RUC002N05HZGT116,,,,,,,,,,,,
83,Resistor,R,R1001 R1701,0,R_0805_2012Metric,2,~,,,,,,,,,,,,,,,,,,,,,,,,,,,,,,,,,,,,,,,,,,,,,,,,,,,,,,,,,,,
84,Resistor,R,R101 R102 R309,0R,R_0603_1608Metric,3,~,,,,,,,,,,,,,,,,,,,,,,,,,,,,,,,,,,,,,,,,,,,,,,,,,,,,,,,,,,,
85,Resistor,R,R205 R305 R401 R1518,0 R,R_1210_3225Metric,4,~,,,,,,,,,,,,,,,,,,,,,,,,,,,,,,,,,,,,,,,,,,,,,,,,,,,,,,,,,,,
86,Shunt resistor,R_Shunt,R1610,0.01 R,R_Shunt_Ohmite_LVK12,1,https://www.ohmite.com/assets/docs/res_lvk.pdf?r=false,,,,,,,,,,,,,,,,,,,,,,,,,,,,,,,,,,,,,,,,,,,,,,,LVK12R010CER,,,,,,,,,,,,
87,Resistor,R,R1310,0.75R,R_0805_2012Metric,1,https://www.mouser.dk/datasheet/2/54/CRL-764981.pdf,,,,,,,,,,,,,,,,,,,,,,,,,,,,,,,,,,,,,,,,,,,,,,,CRL0805-FW-R750ELF,,,,,,,,,,,,
88,Resistor,R,R1304,5.6R,R_0603_1608Metric,1,https://www.mouser.dk/datasheet/2/315/AOA0000C313-1141758.pdf,,,,,,,,,,,,,,,,,,,,,,,,,,,,,,,,,,,,,,,,,,,,,,,ERJ-3RQF5R6V,,,,,,,,,,,,
89,Resistor,R,R301 R302 R303 R304,24 R,R_0603_1608Metric,4,~,,,,,,,,,,,,,,,,,,,,,,,,,,,,,,,,,,,,,,,,,,,,,,,,,,,,,,,,,,,
90,Resistor,R,R1102 R1105,24.3 R,R_0603_1608Metric,2,~,,,,,,,,,,,,,,,,,,,,,,,,,,,,,,,,,,,,,,,,,,,,,,,,,,,,,,,,,,,
91,Resistor,R,R103 R104 R105 R206 R1201 R1209 R1214 R1301,33,R_0603_1608Metric,8,~,,,,,,,,,,,,,,,,,,,,,,,,,,,,,,,,,,,,,,,,,,,,,,,,,,,,,,,,,,,
92,Resistor,R,R1111 R1117 R1129 R1132 R1138 R1144,41.2 R,R_0603_1608Metric,6,~,,,,,,,,,,,,,,,,,,,,,,,,,,,,,,,,,,,,,,,,,,,,,,,,,,,,,,,,,,,
93,Resistor,R,R306,50 R,R_0603_1608Metric,1,~,,,,,,,,,,,,,,,,,,,,,,,,,,,,,,,,,,,,,,,,,,,,,,,,,,,,,,,,,,,
94,Resistor,R,R801 R802 R803 R804,60,R_0805_2012Metric,4,~,,,,,,,,,,,,,,,,,,,,,,,,,,,,,,,,,,,,,,,,,,,,,,,,,,,,,,,,,,,
95,Resistor,R,R1509 R1510,75 R,R_0603_1608Metric,2,~,,,,,,,,,,,,,,,,,,,,,,,,,,,,,,,,,,,,,,,,,,,,,,,,,,,,,,,,,,,
96,Resistor,R,R701 R702,127 R,R_0603_1608Metric,2,~,,,,,,,,,,,,,,,,,,,,,,,,,,,,,,,,,,,,,,,,,,,,,,,,,,,,,,,,,,,
97,Resistor,R,R1146 R1148 R1149 R1156,137 R,R_0603_1608Metric,4,~,,,,,,,,,,,,,,,,,,,,,,,,,,,,,,,,,,,,,,,,,,,,,,,,,,,,,,,,,,,
98,Resistor,R,R1107 R1118 R1134 R1145 R1151 R1159 R1162 R1169 R1172 R1179,147 R,R_0603_1608Metric,10,~,,,,,,,,,,,,,,,,,,,,,,,,,,,,,,,,,,,,,,,,,,,,,,,,,,,,,,,,,,,
99,Resistor,R,R1119 R1121 R1122 R1124 R1125 R1127,160 R,R_0603_1608Metric,6,~,,,,,,,,,,,,,,,,,,,,,,,,,,,,,,,,,,,,,,,,,,,,,,,,,,,,,,,,,,,
100,Resistor,R,R1002,200,R_0805_2012Metric,1,~,,,,,,,,,,,,,,,,,,,,,,,,,,,,,,,,,,,,,,,,,,,,,,,,,,,,,,,,,,,
101,Resistor,R,R1302 R1309,270R,R_0603_1608Metric,2,~,,,,,,,,,,,,,,,,,,,,,,,,,,,,,,,,,,,,,,,,,,,,,,,,,,,,,,,,,,,
102,Resistor,R,R1501 R1502,300R,C_0603_1608Metric,2,~,,,,,,,,,,,,,,,,,,,,,,,,,,,,,,,,,,,,,,,,,,,,,,,,,,,,,,,,,,,
103,Resistor,R,R501 R1703 R1704 R1705 R1710 R1711,300R,R_0603_1608Metric,6,~,,,,,,,,,,,,,,,,,,,,,,,,,,,,,,,,,,,,,,,,,,,,,,,,,,,,,,,,,,,
104,Resistor,R,R805 R806 R807 R808,330,R_0603_1608Metric,4,~,,,,,,,,,,,,,,,,,,,,,,,,,,,,,,,,,,,,,,,,,,,,,,,,,,,,,,,,,,,
105,Resistor,R,R1709,402 R,R_0603_1608Metric,1,~,,,,,,,,,,,,,,,,,,,,,,,,,,,,,,,,,,,,,,,,,,,,,,,,,,,,,,,,,,,
106,Resistor,R,R1147,420R,R_0603_1608Metric,1,~,,,,,,,,,,,,,,,,,,,,,,,,,,,,,,,,,,,,,,,,,,,,,,,,,,,,,,,,,,,
107,Resistor,R,R1004,510,R_0805_2012Metric,1,~,,,,,,,,,,,,,,,,,,,,,,,,,,,,,,,,,,,,,,,,,,,,,,,,,,,,,,,,,,,
108,Resistor,R,R1308,510R,R_0603_1608Metric,1,~,,,,,,,,,,,,,,,,,,,,,,,,,,,,,,,,,,,,,,,,,,,,,,,,,,,,,,,,,,,
109,Resistor,R,R1123 R1126,680R,R_0603_1608Metric,2,~,,,,,,,,,,,,,,,,,,,,,,,,,,,,,,,,,,,,,,,,,,,,,,,,,,,,,,,,,,,
110,Resistor,R,R1116 R1131 R1143,800R,R_0603_1608Metric,3,~,,,,,,,,,,,,,,,,,,,,,,,,,,,,,,,,,,,,,,,,,,,,,,,,,,,,,,,,,,,
111,Resistor,R,R1208 R1222,825 R,R_0603_1608Metric,2,~,,,,,,,,,,,,,,,,,,,,,,,,,,,,,,,,,,,,,,,,,,,,,,,,,,,,,,,,,,,
112,Resistor,R,R1104,976R,R_0603_1608Metric,1,~,,,,,,,,,,,,,,,,,,,,,,,,,,,,,,,,,,,,,,,,,,,,,,,,,,,,,,,,,,,
113,Resistor,R,R1103 R1113 R1115 R1130 R1140 R1142 R1158 R1168 R1178 R1315 R1317 R1318 R1319 R1320 R1321 R1323 R1324 R1325 R1605 R1606 R1609 R1713,1k,R_0603_1608Metric,22,~,,,,,,,,,,,,,,,,,,,,,,,,,,,,,,,,,,,,,,,,,,,,,,,,,,,,,,,,,,,
114,Resistor,R,R1166 R1170,1.24k,R_0603_1608Metric,2,~,,,,,,,,,,,,,,,,,,,,,,,,,,,,,,,,,,,,,,,,,,,,,,,,,,,,,,,,,,,
115,Resistor,R,R1120,1.69k,R_0603_1608Metric,1,~,,,,,,,,,,,,,,,,,,,,,,,,,,,,,,,,,,,,,,,,,,,,,,,,,,,,,,,,,,,
116,Resistor,R,R1220,2.05k,R_0603_1608Metric,1,~,,,,,,,,,,,,,,,,,,,,,,,,,,,,,,,,,,,,,,,,,,,,,,,,,,,,,,,,,,,
117,Resistor,R,R1160 R1176,2.1k,R_0603_1608Metric,2,~,,,,,,,,,,,,,,,,,,,,,,,,,,,,,,,,,,,,,,,,,,,,,,,,,,,,,,,,,,,
118,Resistor,R,R1603,2k15,R_0603_1608Metric,1,~,,,,,,,,,,,,,,,,,,,,,,,,,,,,,,,,,,,,,,,,,,,,,,,,,,,,,,,,,,,
119,Resistor,R,R1307,2.37k,R_0603_1608Metric,1,~,,,,,,,,,,,,,,,,,,,,,,,,,,,,,,,,,,,,,,,,,,,,,,,,,,,,,,,,,,,
120,Resistor,R,R901 R904 R905 R908 R909 R912 R913 R916 R917 R920 R921 R924,2.7k,R_0603_1608Metric,12,~,,,,,,,,,,,,,,,,,,,,,,,,,,,,,,,,,,,,,,,,,,,,,,,,,,,,,,,,,,,
121,Resistor,R,R1155,2.94k,R_0603_1608Metric,1,~,,,,,,,,,,,,,,,,,,,,,,,,,,,,,,,,,,,,,,,,,,,,,,,,,,,,,,,,,,,
122,"Resistor, small symbol",R_Small,R307 R308,3k3,R_0603_1608Metric,2,~,,,,,,,,,,,,,,,,,,,,,,,,,,,,,,,,,,,,,,,,,,,,,,,,,,,,,,,,,,,
123,Resistor,R,R1604,3k4,R_0603_1608Metric,1,~,,,,,,,,,,,,,,,,,,,,,,,,,,,,,,,,,,,,,,,,,,,,,,,,,,,,,,,,,,,
124,Resistor,R,R1207 R1221,3.79k,R_0603_1608Metric,2,~,,,,,,,,,,,,,,,,,,,,,,,,,,,,,,,,,,,,,,,,,,,,,,,,,,,,,,,,,,,
125,Resistor,R,R1106 R1110 R1128 R1133 R1137 R1150 R1161 R1171,4.02k,R_0603_1608Metric,8,~,,,,,,,,,,,,,,,,,,,,,,,,,,,,,,,,,,,,,,,,,,,,,,,,,,,,,,,,,,,
126,Resistor,R,R207 R1202 R1203 R1204 R1205 R1210 R1211 R1212 R1213 R1215 R1216 R1218 R1219 R1303 R1312 R1314 R1316 R1322 R1326 R1327,4.7k,R_0603_1608Metric,20,~,,,,,,,,,,,,,,,,,,,,,,,,,,,,,,,,,,,,,,,,,,,,,,,,,,,,,,,,,,,
127,Resistor,R,R902 R903 R906 R907 R910 R911 R914 R915 R918 R919 R922 R923,4.7k,R_0805_2012Metric,12,~,,,,,,,,,,,,,,,,,,,,,,,,,,,,,,,,,,,,,,,,,,,,,,,,,,,,,,,,,,,
128,Resistor,R,R1305 R1306 R1311,5.1k,R_0805_2012Metric,3,~,,,,,,,,,,,,,,,,,,,,,,,,,,,,,,,,,,,,,,,,,,,,,,,,,,,,,,,,,,,
129,Resistor,R,R1313,6.49k,R_0603_1608Metric,1,~,,,,,,,,,,,,,,,,,,,,,,,,,,,,,,,,,,,,,,,,,,,,,,,,,,,,,,,,,,,
130,Resistor,R,R209,7.15k,R_0603_1608Metric,1,~,,,,,,,,,,,,,,,,,,,,,,,,,,,,,,,,,,,,,,,,,,,,,,,,,,,,,,,,,,,
131,Resistor,R,R1108 R1109 R1135 R1136 R1152 R1153 R1163 R1164 R1173 R1174,8.66k,R_0603_1608Metric,10,~,,,,,,,,,,,,,,,,,,,,,,,,,,,,,,,,,,,,,,,,,,,,,,,,,,,,,,,,,,,
132,Resistor,R,R1217,9.42k,R_0603_1608Metric,1,~,,,,,,,,,,,,,,,,,,,,,,,,,,,,,,,,,,,,,,,,,,,,,,,,,,,,,,,,,,,
133,Resistor,R,R1003 R1005 R1714,10k,R_0603_1608Metric,3,~,,,,,,,,,,,,,,,,,,,,,,,,,,,,,,,,,,,,,,,,,,,,,,,,,,,,,,,,,,,
134,Resistor,R,R1602,10k7,R_0603_1608Metric,1,~,,,,,,,,,,,,,,,,,,,,,,,,,,,,,,,,,,,,,,,,,,,,,,,,,,,,,,,,,,,
135,Resistor,R,R1112 R1139 R1154 R1165 R1175,11k,R_0603_1608Metric,5,~,,,,,,,,,,,,,,,,,,,,,,,,,,,,,,,,,,,,,,,,,,,,,,,,,,,,,,,,,,,
136,Resistor,R,R1601,11k3,R_0603_1608Metric,1,~,,,,,,,,,,,,,,,,,,,,,,,,,,,,,,,,,,,,,,,,,,,,,,,,,,,,,,,,,,,
137,Resistor,R,R1101,29100 R,R_0603_1608Metric,1,~,,,,,,,,,,,,,,,,,,,,,,,,,,,,,,,,,,,,,,,,,,,,,,,,,,,,,,,,,,,
138,Resistor,R,R208,33k,R_0603_1608Metric,1,~,,,,,,,,,,,,,,,,,,,,,,,,,,,,,,,,,,,,,,,,,,,,,,,,,,,,,,,,,,,
139,Resistor,R,R1707,50k,R_0603_1608Metric,1,~,,,,,,,,,,,,,,,,,,,,,,,,,,,,,,,,,,,,,,,,,,,,,,,,,,,,,,,,,,,
140,Resistor,R,R1706 R1708 R1712,100k,R_0603_1608Metric,3,~,,,,,,,,,,,,,,,,,,,,,,,,,,,,,,,,,,,,,,,,,,,,,,,,,,,,,,,,,,,
141,Resistor,R,R1608,187k,R_0603_1608Metric,1,~,,,,,,,,,,,,,,,,,,,,,,,,,,,,,,,,,,,,,,,,,,,,,,,,,,,,,,,,,,,
142,Resistor,R,R1114 R1141 R1157 R1167 R1177,200k,R_0603_1608Metric,5,~,,,,,,,,,,,,,,,,,,,,,,,,,,,,,,,,,,,,,,,,,,,,,,,,,,,,,,,,,,,
143,Resistor,R,R1607,1M65,R_0603_1608Metric,1,~,,,,,,,,,,,,,,,,,,,,,,,,,,,,,,,,,,,,,,,,,,,,,,,,,,,,,,,,,,,
144,Resistor,R,R201,4 x 75 R,R_0603_1608Metric,1,~,,,,,,,,,,,,,,,,,,,,,,,,,,,,,,,,,,,,,,,,,,,,,,,,,,,,,,,,,,,
145,Resistor,R,R202 R203 R204,R,R_0603_1608Metric,3,~,,,,,,,,,,,,,,,,,,,,,,,,,,,,,,,,,,,,,,,,,,,,,,,,,,,,,,,,,,,
146,Resistor,R,R502 R503 R504,R,R_0603_1608Metric_Pad0.98x0.95mm_HandSolder,3,~,,,,,,,,,,,,,,,,,,,,,,,,,,,,,,,,,,,,,,,,,,,,,,,,,,,,,,,,,,,
147,"0 Ohm, 4 resistor network",CAY16-000J4LF,RN101,CAY16-000J4LF,RESCAF80P320X160X60-8N,1,~,,,,,,,,,,,,,,,,,,,,,,,,,,,,,,,,,,,,,,,,,,,,,,,,,,,,,,Bourns,,,,,
148,"100 Ohm, 4 resistor network",CAY16-101J4LF,RN301,CAY16-101J4LF,RESCAF80P320X160X60-8N,1,~,,,,,,,,,,,,,,,,,,,,,,,,,,,,,,,,,,,,,,,,,,,,,,,,,,,,,,Bourns,,,,,
149,"33 Ohm, 4 resistor network",CAY16-330J4LF,RN102 RN104 RN107,CAY16-330J4LF,RESCAF80P320X160X60-8N,3,~,,,,,,,,,,,,,,,,,,,,,,,,,,,,,,,,,,,,,,,,,,,,,,,,,,,,,,Bourns,,,,,
150,"Tactile Switches Tact 50mA 12VDC, 6.0x3.5, 4.3mm H, 250gf, G leads, No ground pin, Black Actuator",PTS636_SK43_SMTR_LFS,S301 S701,PTS636,PTS636SK43SMTRLFS,2,https://componentsearchengine.com/Datasheets/1/PTS636 SK43 SMTR LFS.pdf,,,,,,,,,,,,,,,,,,,,,,,,,,,,,,,,,,,,,,,,https://www.mouser.co.uk/ProductDetail/CK/PTS636-SK43-SMTR-LFS?qs=vLWxofP3U2wsQpQ593zsYw%3D%3D,611-PTS636SK43SMTRLF,C & K COMPONENTS,PTS636 SK43 SMTR LFS,4.5,https://www.arrow.com/en/products/pts636-sk43-smtr-lfs/ck,PTS636 SK43 SMTR LFS,,,,,,,,,,,,,
151,10/100 Base-T SMD Transformer 1 Port,Wurth_7490100111A,T1501,Wurth_7490100111A,Wurth_7490100111A,1,https://katalog.we-online.de/pbs/datasheet/7490100111A.pdf,,,,,,,,,,,,,,,,,,,,,,,,,,,,,,,,,,,,,,,,https://www.mouser.co.uk/ProductDetail/Wurth-Elektronik/7490100111A?qs=2sV1BwmkawSRtdC7bu%2Fbww%3D%3D,710-7490100111A,Wurth Elektronik,,6,,7490100111A,,,,,,,,,,,,,
152,Audio Transformers / Signal Transformers WE-LAN 10/100 Base-T 1Port SMD Transfrmer,Wurth_7490120110,T201,Wurth_7490120110,Wurth_7490120110,1,https://componentsearchengine.com/Datasheets/1/7490120110.pdf,,,,,,,,,,,,,,,,,,,,,,,,,,,,,,,,,,,,,,,,https://www.mouser.co.uk/ProductDetail/Wurth-Elektronik-Midcom/7490120110?qs=2sV1BwmkawS544uMhsm03Q%3D%3D,710-7490120110,Wurth Elektronik / Midcom,7490120110,5.8,,7490120110,,,,,,,,,,,,,
153,"Full/Low Speed, iCoupler USB Digital Isolator, 2.5kV protection",ADUM3160,U301,ADUM3160,SOIC-16W_7.5x10.3mm_P1.27mm,1,https://www.analog.com/media/en/technical-documentation/data-sheets/ADuM3160.pdf,,,,,,,,,,,,,,,,,,,,,,,,,,,,,,,,,,,,,,,,,,,,,,,,,,,,,,,,,,,
154,"Smart High-Side Power Switch, 9A nominal load current, 5-36V supply, current sense capability, 10 mOhm ON state resistance",BTT6010-1EKB,U201 U1301,BTT6010-1EKB,PG-DSO-14-47,2,https://docs.rs-online.com/1df8/0900766b815790fa.pdf,,,,,,,,,,,,,,,,,,,,,,,,,,,,,,,,,,,,,,,,,,,,,,,,,,,,,,,,,,,
155,"Smart High-Side Power Switch, Dual Channel, 32 mOhm ON state resistance, 5-36V supply, 6A nom. load current (one channel), 4A nom. load current (both channels active), Current Sense Capability",BTT6030-2EKA,U1201 U1202 U1203,BTT6030-2EKA,PG-DSO-14-40,3,https://docs.rs-online.com/f6aa/0900766b815790fc.pdf,,,,,,,,,,,,,,,,,,,,,,,,,,,,,,,,,,,,,,,,,,,,,,,,,,,,,,,,,,,
156,"SPI nvSRAM, 256 Kbit, 8*32 Kbit, with Real Time Clock",CY14B256PA,U1001,CY14B256PA,SOIC-16W_7.5x10.3mm_P1.27mm,1,https://www.cypress.com/file/45216/download,,,,,,,,,,,,,,,,,,,,,,,,,,,,,,,,,,,,,,,,,,,,,,,,,,,,,,,,,,,
157,Ethernet ICs 10/100 BASE-TX Physical Layer Transceiver,KSZ8081MNX,U1302,KSZ8081MNX,KSZ8081MNX,1,https://componentsearchengine.com/Datasheets/1/KSZ8081MNXIA-TR.pdf,,,,,,,,,,,,,,,,,,,,,,,,,,,,,,,,,,,,,,,,https://www.mouser.co.uk/ProductDetail/Microchip-Technology-Micrel/KSZ8081MNXIA-TR?qs=U6T8BxXiZAXjO9k0zOJ%2FFg%3D%3D,998-KSZ8081MNXIATR,Microchip,,1,,KSZ8081MNXIA-TR,,,,,,,,,,,,,
158,3-V Undervoltage Detector,LMS33460,U1604,LMS33460,SC70-5,1,http://www.ti.com/lit/ds/symlink/lms33460.pdf,,,,,,,,,,,,,,,,,,,,,,,,,,,,,,,,,,,,,,,,,,,,,,,,,,,,,,,,,,,
159,"DC Optocoupler, Vce 35V, CTR 50%, SMDIP-4",LTV-817S,U303,LTV-817S,SMDIP-4_W9.53mm,1,http://www.us.liteon.com/downloads/LTV-817-827-847.PDF,,,,,,,,,,,,,,,,,,,,,,,,,,,,,,,,,,,,,,,,,,,,,,,,,,,,,,,,,,,
160,"DC Optocoupler, Vce 35V, CTR 50%, SMDIP-16",LTV-847S,U901 U902 U903,LTV-847S,SMDIP-16_W9.53mm,3,http://www.us.liteon.com/downloads/LTV-817-827-847.PDF,LTV-847S,Lite-On,,,,,,,,,,,,,,,,,,,,,,,,,,,,,,,,,,,,,,,,,,,,,,,,,,,,,,,,,
161,"Switching Voltage Regulator 32V, 1.8A, Boost, Non-Synch.",MCP1663,U1603,MCP1663,TDFN-8-1EP_3x2mm_P0.5mm_EP1.80x1.65mm_ThermalVias,1,https://www.mouser.dk/datasheet/2/268/20005406A-738982.pdf,MCP1663,Microchip,,,,,,,,,,,,,,,,,,,,,,,,,,,,,,,,,,,,,,,,,,,,,,,,,,,,,,,,,
162,"Dual, 1 MHz, 85µA, Rail-to-Rail input and ouput SOIC-8",MCP6L02x-xSN,U1101 U1102 U1103 U1104,MCP6L02x-xSN,SOIC-8_3.9x4.9mm_P1.27mm,4,http://ww1.microchip.com/downloads/en/devicedoc/22140b.pdf,,,,,,,,,,,,,,,,,,,,,,,,,,,,,,,,,,,,,,,,,,,,,,,,,,,,,,,,,,,
163,Supervisory Circuits .5% Single Voltage Supervisor,MIC826TYMT-TR,U502 U1501,MIC826TYMT-TR,MIC826TYMT-TR,2,http://www.microchip.com/wwwproducts/en/MIC826,,,,,,,,,,,,,,,,,,,,,,,,,,,,,,,,,,,,,,,,https://www.mouser.co.uk/ProductDetail/Microchip-Technology-Micrel/MIC826TYMT-TR?qs=Y3Q3JoKAO1SXo3ASLVuS1w%3D%3D,998-MIC826TYMTTR,Microchip,MIC826TYMT-TR,0.6,https://www.arrow.com/en/products/mic826tymt-tr/microchip-technology,MIC826TYMT-TR,,,,,,,,,,,,,
164,Ultra low capacitance quadruple rail-to-rail ESD protection,PRTR5V0U4D,U302,PRTR5V0U4D,SOP95P275X110-6N,1,https://assets.nexperia.com/documents/data-sheet/PRTR5V0U4D.pdf,,,,,,,,,,,,,,,,,,,,,,,,,,,,,,,,,,,,,,,,,,,,,,,,,,,,,,,,,,,
165,,PicoZed_7020,U1701,PicoZed_7020,PicoZed_7010-7020_Complete,1,DOCUMENTATION,,,,,,,,,,,,,,,,,,,,,,,,,,,,,,,,,,,,,,,,,,,,,,,,,,,,,,,,,,,
166,,RN4871U-V_RM118,U501,RN4871U-V_RM118,RN4871U,1,MICROCHIP,,,,,,,,,,,,,,,,,,,,,,,,,,,,,,,,,,,,,,,,,,,,,,,,,,,,,,Manufacturer Recommendations,,,,,
167,RS232 transceiver with 15kV ESD protection,SN65C3221,U701,SN65C3221,TSSOP-16_4.4x5mm_P0.65mm,1,https://www.ti.com/lit/ds/symlink/sn65c3221e.pdf,,,,,,,,,,,,,,,,,,,,,,,,,,,,,,,,,,,,,,,,,,,,,,,,,,,,,,,,,,,
168,"CAN Bus Transceiver, 3.3V, 1Mbps, Autobaud feature, SOIC-8",SN65HVD235,U801 U802,SN65HVD235,SOIC-8_3.9x4.9mm_P1.27mm,2,http://www.ti.com/lit/ds/symlink/sn65hvd234.pdf,,,,,,,,,,,,,,,,,,,,,,,,,,,,,,,,,,,,,,,,,,,,,,,,,,,,,,,,,,,
169,"Single Power Supply, Single Buffer GATE, CMOS Logic, Level Shifter, SOT-23-5",SN74LV1T34DBV,U1204,SN74LV1T34DBV,SOT-23-5,1,https://www.ti.com/lit/ds/symlink/sn74lv1t34.pdf,,,,,,,,,,,,,,,,,,,,,,,,,,,,,,,,,,,,,,,,,,,,,,,,,,,,,,,,,,,
170,"6-36V in, 0.8-6 out, 30W DC-DC Converter",Wurth_171050601,U1601 U1602,Wurth_171050601,TO-263-7_TabPin8,2,http://katalog.we-online.com/pbs/datasheet/171050601.pdf,171050601,Würth Elektronik,,,,,,,,,,,,,,,,,,,,,,,,,,,,,,,,,,,,,,,,,,,,,,,,,,,,,,,,,
171,Two pin crystal,Crystal,Y1001,32.768 kHz,Crystal_SMD_Fox_FK161,1,https://www.mouser.dk/datasheet/2/160/K161-1153986.pdf,FK161EIHM0.032768,Fox,,,,,,,,,,,,,,,,,,,,,,,,,,,,,,,,,,,,,,,,,,,,,,,,,,,,,,,,,
172,Crystals 25MHz SMD CRYSTAL,ECS-250-18-33B-CKY-TR,Y1501,ECS-250-18-33B-CKY-TR,ECS-250-18-33B-CKY,1,https://www.ecsxtal.com/store/pdf/ecx-32.pdf,,,,,,,,,,,,,,,,,,,,,,,,,,,,,,,,,,,,,,,,https://www.mouser.com/Search/Refine.aspx?Keyword=520-ECS-250-20-33,520-ECS-250-20-33,ECS,ECS-250-20-33-TR,1.4,https://www.arrow.com/en/products/ecs-250-20-33-tr/ecs-international,ECS-250-20-33-TR,,,,,,,,,,,,,
173,"Zener diode, filled shape",D_Zener_ALT,Z201 Z1201 Z1202 Z1203 Z1301,MMSZ5V6T3G,D_SOD-123,5,https://docs.rs-online.com/d102/0900766b80dad80e.pdf,,,,,,,,,,,,,,,,,,,,,,,,,,,,,,,,,,,,,,,,,,,,,,,,,,,,,,,,,,,





Component Groups:,173
Component Count:,482
Fitted Components:,482
Number of PCBs:,1
Total components:,482
Schematic Version:,1.0
Schematic Date:,2020-10-14
PCB Variant:,[u'default']
BoM Date:,16-11-2020 17:08:06
Schematic Source:,MasterController.sch
KiCad Version:,Eeschema (5.1.6)-1
